<?xml version="1.0" encoding="UTF-8"?>
<project-private xmlns="http://www.netbeans.org/ns/project-private/1">
    <editor-bookmarks xmlns="http://www.netbeans.org/ns/editor-bookmarks/2" lastBookmarkId="0"/>
    <open-files xmlns="http://www.netbeans.org/ns/projectui-open-files/2">
        <group>
            <file>file:/C:/Users/Khan/Desktop/java/firstservlet/src/java/FirstServlet.java</file>
            <file>file:/C:/Users/Khan/Desktop/java/firstservlet/src/java/Addnew.java</file>
            <file>file:/C:/Users/Khan/Desktop/java/firstservlet/web/index1.html</file>
            <file>file:/C:/Users/Khan/Desktop/java/firstservlet/src/java/Add.java</file>
            <file>file:/C:/Users/Khan/Desktop/java/firstservlet/src/java/VisitCounter.java</file>
            <file>file:/C:/Users/Khan/Desktop/java/firstservlet/web/index.html</file>
            <file>file:/C:/Users/Khan/Desktop/java/firstservlet/web/WEB-INF/web.xml</file>
            <file>file:/C:/Users/Khan/Desktop/java/firstservlet/src/java/SecondServlet.java</file>
        </group>
    </open-files>
</project-private>
